question_id,subject,field,latex,error
"Q-0000086","Toán","noi_dung","A', Q: 'BC^{2} = AB^{2} + AC^{2}'.","KaTeX parse error: Double superscript at position 33: …AB^{2} + AC^{2}'̲."
"Q-0000197","Toán","noi_dung","'E = {x \in  \mathbb{N} | x","KaTeX parse error: Expected '}', got 'EOF' at end of input: … \mathbb{N} | x"
"Q-0000203","Toán","noi_dung","10: B = {x \in  \mathbb{N} \underline{\ \ \ } x","KaTeX parse error: Expected '}', got 'EOF' at end of input: …rline{\ \ \ } x"
"Q-0000203","Toán","noi_dung","x < 10}","KaTeX parse error: Expected 'EOF', got '}' at position 7: x < 10}̲"
"Q-0000204","Toán","noi_dung","{x \in  \mathbb{N} | x","KaTeX parse error: Expected '}', got 'EOF' at end of input: … \mathbb{N} | x"
"Q-0000204","Toán","noi_dung","{x \in  \mathbb{N} | x","KaTeX parse error: Expected '}', got 'EOF' at end of input: … \mathbb{N} | x"
"Q-0000204","Toán","noi_dung","0 < x < 10}","KaTeX parse error: Expected 'EOF', got '}' at position 11: 0 < x < 10}̲"
"Q-0000204","Toán","noi_dung","{x \in  \mathbb{N} | x","KaTeX parse error: Expected '}', got 'EOF' at end of input: … \mathbb{N} | x"
"Q-0000204","Toán","noi_dung","x < 10}","KaTeX parse error: Expected 'EOF', got '}' at position 7: x < 10}̲"
"Q-0000207","Toán","noi_dung","F = {x \in  \mathbb{N} | x","KaTeX parse error: Expected '}', got 'EOF' at end of input: … \mathbb{N} | x"
"Q-0000207","Toán","noi_dung","G = {x \in  \mathbb{N} | x","KaTeX parse error: Expected '}', got 'EOF' at end of input: … \mathbb{N} | x"
"Q-0000207","Toán","dap_an","{x \in  \mathbb{N} | x","KaTeX parse error: Expected '}', got 'EOF' at end of input: … \mathbb{N} | x"
"Q-0000207","Toán","dap_an","G = {x \in  \mathbb{N} | x","KaTeX parse error: Expected '}', got 'EOF' at end of input: … \mathbb{N} | x"
"Q-0000207","Toán","dap_an","0 < x \le  6}.","KaTeX parse error: Expected 'EOF', got '}' at position 13: 0 < x \le 6}̲."
"Q-0000226","Toán","noi_dung","A = {x \in  \mathbb{N} | x","KaTeX parse error: Expected '}', got 'EOF' at end of input: … \mathbb{N} | x"
"Q-0000226","Toán","noi_dung","4}, B = {x \in  \mathbb{N} | x","KaTeX parse error: Expected 'EOF', got '}' at position 2: 4}̲, B = {x \in \…"
"Q-0000236","Toán","noi_dung","A = {x \in  \mathbb{N} | x","KaTeX parse error: Expected '}', got 'EOF' at end of input: … \mathbb{N} | x"
"Q-0000236","Toán","noi_dung","3}, B = {x \in  \mathbb{N} | x","KaTeX parse error: Expected 'EOF', got '}' at position 2: 3}̲, B = {x \in \…"
"Q-0000237","Toán","noi_dung","'A = {x \in  \mathbb{N} | x","KaTeX parse error: Expected '}', got 'EOF' at end of input: … \mathbb{N} | x"
"Q-0000237","Toán","noi_dung","4}, B = {x \in  \mathbb{N} | x","KaTeX parse error: Expected 'EOF', got '}' at position 2: 4}̲, B = {x \in \…"
"Q-0000246","Toán","noi_dung","A = {x \in  \mathbb{N} | x","KaTeX parse error: Expected '}', got 'EOF' at end of input: … \mathbb{N} | x"
"Q-0000246","Toán","noi_dung","4}, B = {x \in  \mathbb{N} | x","KaTeX parse error: Expected 'EOF', got '}' at position 2: 4}̲, B = {x \in \…"
"Q-0000246","Toán","noi_dung","2}. B1:","KaTeX parse error: Expected 'EOF', got '}' at position 2: 2}̲. B1:"
"Q-0000272","Toán","loi_giai","\mathbb{N} = {0; 1; 2;","KaTeX parse error: Expected '}', got 'EOF' at end of input: …{N} = {0; 1; 2;"
"Q-0000301","Toán","loi_giai","A \cap  B = {x | x \in  A","KaTeX parse error: Expected '}', got 'EOF' at end of input: …= {x | x \in A"
"Q-0000301","Toán","loi_giai","x \in  B} -","KaTeX parse error: Expected 'EOF', got '}' at position 9: x \in B}̲ -"
"Q-0000311","Toán","loi_giai","A \cup  B = {x | x \in  A","KaTeX parse error: Expected '}', got 'EOF' at end of input: …= {x | x \in A"
"Q-0000311","Toán","loi_giai","x \in  B} -","KaTeX parse error: Expected 'EOF', got '}' at position 9: x \in B}̲ -"
"Q-0000321","Toán","loi_giai","A \ B = {x | x \in  A","KaTeX parse error: Expected '}', got 'EOF' at end of input: …= {x | x \in A"
"Q-0000321","Toán","loi_giai","x \notin  B}.","KaTeX parse error: Expected 'EOF', got '}' at position 12: x \notin B}̲."
"Q-0000326","Toán","dap_an","B \ A = {d} | B3: {a} \ne  {d} \Rightarrow  A\B \ne  B\A \Rightarrow","KaTeX parse error: Undefined control sequence: \B at position 46: … \Rightarrow A\̲B̲ ̲\ne"
"Q-0000327","Toán","noi_dung","A\B = B\A.","KaTeX parse error: Undefined control sequence: \B at position 2: A\̲B̲ ̲= B\A."
"Q-0000327","Toán","noi_dung","A\B = {1}.","KaTeX parse error: Undefined control sequence: \B at position 2: A\̲B̲ ̲= {1}."
"Q-0000327","Toán","dap_an","B\A =","KaTeX parse error: Undefined control sequence: \A at position 2: B\̲A̲ ̲="
"Q-0000327","Toán","dap_an","B\A = {3}.","KaTeX parse error: Undefined control sequence: \A at position 2: B\̲A̲ ̲= {3}."
"Q-0000327","Toán","dap_an","A\B={1} \ne  B\A={3}!","KaTeX parse error: Undefined control sequence: \B at position 2: A\̲B̲={1} \ne B\A={…"
"Q-0000327","Toán","loi_giai","B\A={3}) |","KaTeX parse error: Undefined control sequence: \A at position 2: B\̲A̲={3}) |"
"Q-0000330","Toán","dap_an","A\B =","KaTeX parse error: Undefined control sequence: \B at position 2: A\̲B̲ ̲="
"Q-0000330","Toán","dap_an","B\A =","KaTeX parse error: Undefined control sequence: \A at position 2: B\̲A̲ ̲="
"Q-0000362","Toán","loi_giai","A\B = {1} \ne  B\A = {3}.","KaTeX parse error: Undefined control sequence: \B at position 2: A\̲B̲ ̲= {1} \ne B\A …"
"Q-0000364","Toán","loi_giai","A\B = {1}","KaTeX parse error: Undefined control sequence: \B at position 2: A\̲B̲ ̲= {1}"
"Q-0000364","Toán","loi_giai","B\A = {3} \Rightarrow","KaTeX parse error: Undefined control sequence: \A at position 2: B\̲A̲ ̲= {3} \Rightarr…"
"Q-0000365","Toán","loi_giai","A\A =","KaTeX parse error: Undefined control sequence: \A at position 2: A\̲A̲ ̲="
"Q-0000367","Toán","noi_dung","(A\B)\C = A\(B\C).","KaTeX parse error: Undefined control sequence: \B at position 3: (A\̲B̲)\C = A\(B\C)."
"Q-0000367","Toán","noi_dung","(A\B) = {1;3}","KaTeX parse error: Undefined control sequence: \B at position 3: (A\̲B̲) = {1;3}"
"Q-0000367","Toán","noi_dung","{1;3}\{3} = {1}.","KaTeX parse error: Expected 'EOF', got '}' at position 9: {1;3}\{3}̲ = {1}."
"Q-0000367","Toán","noi_dung","(B\C) = {2}","KaTeX parse error: Undefined control sequence: \C at position 3: (B\̲C̲) = {2}"
"Q-0000367","Toán","noi_dung","A\{2} = {1;3}.","KaTeX parse error: Expected 'EOF', got '}' at position 5: A\{2}̲ = {1;3}."
"Q-0000367","Toán","dap_an","(A\B)\C = {1} \ne  A\(B\C) = {1;3} \Rightarrow","KaTeX parse error: Undefined control sequence: \B at position 3: (A\̲B̲)\C = {1} \ne …"
"Q-0000369","Toán","dap_an","A\B = {1}, B\A = {3} \Rightarrow  A\B \ne  B\A","KaTeX parse error: Undefined control sequence: \B at position 2: A\̲B̲ ̲= {1}, B\A = {3…"
"Q-0000369","Toán","dap_an","(A\B)\C = {1;3}\{3} = {1}; A\(B\C) = A\{2} = {1;3} \Rightarrow","KaTeX parse error: Undefined control sequence: \B at position 3: (A\̲B̲)\C = {1;3}\{3}…"
"Q-0000427","Toán","dap_an","{10x + 15y \le  60","KaTeX parse error: Expected '}', got 'EOF' at end of input: …x + 15y \le 60"
"Q-0000427","Toán","dap_an","x \ge  0; y \ge  0}.","KaTeX parse error: Expected 'EOF', got '}' at position 19: …ge 0; y \ge 0}̲."
"Q-0000429","Toán","dap_an","{80x + 30y \le  1200","KaTeX parse error: Expected '}', got 'EOF' at end of input: …+ 30y \le 1200"
"Q-0000449","Toán","dap_an","I): A \cap  B = {x | x \in  A","KaTeX parse error: Expected '}', got 'EOF' at end of input: …= {x | x \in A"
"Q-0000449","Toán","dap_an","x \in  B} \Rightarrow","KaTeX parse error: Expected 'EOF', got '}' at position 9: x \in B}̲ \Rightarrow"
"Q-0000476","Toán","dap_an","{x + y \le  4","KaTeX parse error: Expected '}', got 'EOF' at end of input: {x + y \le 4"
"Q-0000476","Toán","dap_an","x \ge  0, y \ge  0} | B2:","KaTeX parse error: Expected 'EOF', got '}' at position 19: …ge 0, y \ge 0}̲ | B2:"
"Q-0000479","Toán","dap_an","{x + 2y \le  16","KaTeX parse error: Expected '}', got 'EOF' at end of input: {x + 2y \le 16"
"Q-0000479","Toán","dap_an","2h); x \ge  0, y \ge  0}.","KaTeX parse error: Expected 'EOF', got '}' at position 24: …ge 0, y \ge 0}̲."
"Q-0000697","Toán","noi_dung","\overrightarrow{AB}+\overrightarrow{BC}=\overrightarrow{____}","KaTeX parse error: Expected group after '_' at position 57: …overrightarrow{_̲___}"
"Q-0000707","Toán","noi_dung","\overrightarrow{AB}+\overrightarrow{AD}=\overrightarrow{____}","KaTeX parse error: Expected group after '_' at position 57: …overrightarrow{_̲___}"
"Q-0000717","Toán","noi_dung","\vec{a}-\vec{b}=\vec{a}+(____)","KaTeX parse error: Expected group after '_' at position 26: …ec{b}=\vec{a}+(_̲___)"
"Q-0000717","Toán","noi_dung","(____)","KaTeX parse error: Expected group after '_' at position 2: (_̲___)"
"Q-0000727","Toán","noi_dung","\overrightarrow{MA}+\overrightarrow{MB}=____","KaTeX parse error: Expected group after '_' at position 41: …rightarrow{MB}=_̲___"
"Q-0000737","Toán","noi_dung","|\vec{F}|=\sqrt{____+____}","KaTeX parse error: Expected group after '_' at position 17: …\vec{F}|=\sqrt{_̲___+____}"
"Q-0000767","Toán","noi_dung","\vec{b}=____\cdot\vec{a}","KaTeX parse error: Expected group after '_' at position 9: \vec{b}=_̲___\cdot\vec{a}"
"Q-0000787","Toán","noi_dung","|\vec{a}|=\sqrt{____+____}","KaTeX parse error: Expected group after '_' at position 17: …\vec{a}|=\sqrt{_̲___+____}"
"Q-0000807","Toán","noi_dung","AB=\sqrt{(____)^2+(____)^2}","KaTeX parse error: Expected group after '_' at position 11: AB=\sqrt{(_̲___)^2+(____)^2…"
"Q-0000817","Toán","noi_dung","x_1y_2-____y_1=0","KaTeX parse error: Expected group after '_' at position 8: x_1y_2-_̲___y_1=0"
"Q-0000857","Toán","noi_dung","\vec{a}\cdot\vec{a}=x^2+y^2=|\vec{a}|^{____}","KaTeX parse error: Expected group after '_' at position 40: …y^2=|\vec{a}|^{_̲___}"
"Q-0000867","Toán","noi_dung","x_1x_2+____=0","KaTeX parse error: Expected group after '_' at position 8: x_1x_2+_̲___=0"
"Q-0000887","Toán","noi_dung","\vec{a}\cdot\vec{a}=|\vec{a}|\cdot|\vec{a}|\cdot\cos(____°)=|\vec{a}|^2","KaTeX parse error: Expected group after '_' at position 54: …c{a}|\cdot\cos(_̲___°)=|\vec{"
"Q-0000897","Toán","noi_dung","\Delta a=____","KaTeX parse error: Expected group after '_' at position 10: \Delta a=_̲___"
"Q-0000907","Toán","noi_dung","\bar{a}=a\pm____","KaTeX parse error: Expected group after '_' at position 13: \bar{a}=a\pm_̲___"
"Q-0000917","Toán","noi_dung","\delta_a=\dfrac{d}{____}","KaTeX parse error: Expected group after '_' at position 20: …ta_a=\dfrac{d}{_̲___}"
"Q-0000967","Toán","noi_dung","\bar{x}=\dfrac{\sum ____\cdot____}{\sum n_i}","KaTeX parse error: Expected group after '_' at position 21: …x}=\dfrac{\sum _̲___\cdot____"
"Q-0000987","Toán","noi_dung","Q1\le____\le____","KaTeX parse error: Expected group after '_' at position 6: Q1\le_̲___\le____"
"Q-0001057","Toán","noi_dung","s^2=\dfrac{\sum n_i(x_i-\bar{x})^{____}}{\sum ____}","KaTeX parse error: Expected group after '_' at position 35: …(x_i-\bar{x})^{_̲___}}{\sum _"
"Q-0001067","Toán","noi_dung","Q1-____\times IQR","KaTeX parse error: Expected group after '_' at position 4: Q1-_̲___\times IQR"
"Q-0001067","Toán","noi_dung","Q3+____\times IQR","KaTeX parse error: Expected group after '_' at position 4: Q3+_̲___\times IQR"
"Q-0001100","Toán","dap_an","1: D=R\{2}","KaTeX parse error: Expected 'EOF', got '}' at position 10: 1: D=R\{2}̲"
"Q-0001109","Toán","dap_an","D=R\{-3;3}","KaTeX parse error: Expected 'EOF', got '}' at position 10: D=R\{-3;3}̲"
"Q-0001109","Toán","nhieu","D=R\{9}","KaTeX parse error: Expected 'EOF', got '}' at position 7: D=R\{9}̲"
"Q-0001110","Toán","dap_an","3: D=[-3;+\infty )\{1}.","KaTeX parse error: Expected 'EOF', got '}' at position 22: …-3;+\infty )\{1}̲."
"Q-0001112","Toán","dap_an","D=[-3;3]\{-2}","KaTeX parse error: Expected 'EOF', got '}' at position 13: D=[-3;3]\{-2}̲"
"Q-0001112","Toán","loi_giai","D=[-3;3]\{-2}.","KaTeX parse error: Expected 'EOF', got '}' at position 13: D=[-3;3]\{-2}̲."
"Q-0001317","Toán","noi_dung","100m^{2}'","KaTeX parse error: Double superscript at position 9: 100m^{2}'̲"
"Q-0001343","Toán","noi_dung","f(x)=[g(x)]^\underline{\ \ \ \ }.","KaTeX parse error: Got function '\underline' with no arguments as superscript at position "
"Q-0001645","Toán","loi_giai","y^{2}'","KaTeX parse error: Double superscript at position 6: y^{2}'̲"
"Q-0001699","Toán","loi_giai","{X1, X2,","KaTeX parse error: Expected '}', got 'EOF' at end of input: {X1, X2,"
"Q-0001771","Toán","loi_giai","Nam1, Nam2}","KaTeX parse error: Expected 'EOF', got '}' at position 11: Nam1, Nam2}̲"
"Q-0001810","Toán","noi_dung","x^m'","KaTeX parse error: Double superscript at position 4: x^m'̲"
"Q-0001811","Toán","noi_dung","x^{3}'","KaTeX parse error: Double superscript at position 6: x^{3}'̲"
"Q-0001811","Toán","noi_dung","x^{3}'","KaTeX parse error: Double superscript at position 6: x^{3}'̲"
"Q-0001830","Toán","loi_giai","= {SS,","KaTeX parse error: Expected '}', got 'EOF' at end of input: = {SS,"
"Q-0001830","Toán","loi_giai","NN} \Rightarrow","KaTeX parse error: Expected 'EOF', got '}' at position 3: NN}̲ \Rightarrow"
"Q-0001841","Toán","loi_giai","= {SS,","KaTeX parse error: Expected '}', got 'EOF' at end of input: = {SS,"
"Q-0001841","Toán","loi_giai","NN}. A = {SN, NS} \Rightarrow  n(A) = 2.","KaTeX parse error: Expected 'EOF', got '}' at position 3: NN}̲. A = {SN, NS} …"
"Q-0001844","Toán","loi_giai","\Rightarrow  A = {SSN,","KaTeX parse error: Expected '}', got 'EOF' at end of input: …rrow A = {SSN,"
"Q-0001844","Toán","loi_giai","SSS} \Rightarrow  n(A) = 4.","KaTeX parse error: Expected 'EOF', got '}' at position 4: SSS}̲ \Rightarrow n…"
"Q-0001850","Toán","loi_giai","= {SS,","KaTeX parse error: Expected '}', got 'EOF' at end of input: = {SS,"
"Q-0001850","Toán","loi_giai","NN} \Rightarrow","KaTeX parse error: Expected 'EOF', got '}' at position 3: NN}̲ \Rightarrow"
"Q-0001875","Toán","loi_giai","A = {SS,","KaTeX parse error: Expected '}', got 'EOF' at end of input: A = {SS,"
"Q-0001875","Toán","loi_giai","NS} \Rightarrow  \frac{3}{4}","KaTeX parse error: Expected 'EOF', got '}' at position 3: NS}̲ \Rightarrow \…"
"Q-0001895","Toán","loi_giai","= 2^{3} = 8. A = {SSN,","KaTeX parse error: Expected '}', got 'EOF' at end of input: … = 8. A = {SSN,"
"Q-0001895","Toán","loi_giai","NSS} \Rightarrow  n(A) = 3. P = \frac{3}{8}.","KaTeX parse error: Expected 'EOF', got '}' at position 4: NSS}̲ \Rightarrow n…"
"Q-0002619","Tiếng Anh","noi_dung","Tips\n1.","KaTeX parse error: Undefined control sequence: \n at position 5: Tips\̲n̲1."
"Q-0002619","Tiếng Anh","noi_dung","8 hours.\n2.","KaTeX parse error: Undefined control sequence: \n at position 9: 8 hours.\̲n̲2."
"Q-0002619","Tiếng Anh","noi_dung","well.\n3.","KaTeX parse error: Undefined control sequence: \n at position 6: well.\̲n̲3."
"Q-0004334","Vật lí","dap_an","\theta ̄ = \frac{8.0+8.2+7.9+8.1}{4} = 32.\frac{2}{4} = 8.05^{\circ}.","KaTeX parse error: Expected 'EOF', got '̄' at position 8: \theta ̲̄ = \frac{8.0+8.…"
"Q-0004344","Vật lí","noi_dung","\theta ̄=8.05^{\circ},","KaTeX parse error: Expected 'EOF', got '̄' at position 8: \theta ̲̄=8.05^{\circ},"
"Q-0004344","Vật lí","noi_dung","\Delta \theta ̄.","KaTeX parse error: Expected 'EOF', got '̄' at position 15: \Delta \theta ̲̄."
"Q-0004344","Vật lí","dap_an","= 0.40. \Delta \theta ̄ = 0.\frac{40}{4} = 0.10^{\circ}.","KaTeX parse error: Expected 'EOF', got '̄' at position 23: … \Delta \theta ̲̄ = 0.\frac{40"
"Q-0004344","Vật lí","loi_giai","|\theta i-\theta ̄|","KaTeX parse error: Expected 'EOF', got '̄' at position 18: …theta i-\theta ̲̄|"
"Q-0004364","Vật lí","noi_dung","\Delta \theta ̄=0.10^{\circ}","KaTeX parse error: Expected 'EOF', got '̄' at position 15: \Delta \theta ̲̄=0.10^{\circ}"
"Q-0004364","Vật lí","dap_an","\Delta \theta  = \Delta \theta ̄ + \Delta dc = 0.10 + 0.05 = 0.15^{\circ}.","KaTeX parse error: Expected 'EOF', got '̄' at position 32: … \Delta \theta ̲̄ + \Delta dc "
"Q-0004374","Vật lí","noi_dung","\theta ̄=8.05^{\circ}","KaTeX parse error: Expected 'EOF', got '̄' at position 8: \theta ̲̄=8.05^{\circ}"